epoch,training_loss,validation_loss,learning_rate,validation_loss_ema,optimizer_updates,epochs_since_best,epoch_time_s,peak_vram_gb
1,0.989683,0.980966,3.4057971014492756e-06,0.987128,46,0,40.1,8.14
2,0.838595,0.958256,6.811594202898551e-06,0.963349,93,0,39.6,8.45
3,0.851679,0.945368,9.993135011441648e-06,0.950051,140,0,40.1,8.76
4,0.756973,0.940696,9.835240274599543e-06,0.942129,186,0,40.3,8.24
5,0.737418,0.936154,9.677345537757438e-06,0.937475,232,0,40.4,8.77
6,0.736126,0.931581,9.516018306636157e-06,0.932914,279,0,40.6,8.14
7,0.839594,0.929149,9.358123569794052e-06,0.928171,325,0,40.4,8.68
8,0.846388,0.925311,9.203661327231121e-06,0.925971,371,0,40.5,8.27
9,0.838254,0.924119,9.04233409610984e-06,0.923037,418,0,40.5,8.77
10,0.823483,0.921836,8.88100686498856e-06,0.921497,465,0,40.2,8.14
11,0.899394,0.920342,8.72654462242563e-06,0.919452,511,0,40.4,8.47
12,0.780562,0.917929,8.565217391304348e-06,0.917998,558,0,40.3,8.14
13,0.763995,0.916206,8.407322654462243e-06,0.916036,604,0,40.1,8.14
14,0.96724,0.917177,8.249427917620138e-06,0.91537,650,1,40.7,8.14
15,0.847116,0.911504,8.091533180778033e-06,0.913219,696,0,40.5,8.14
16,0.7851,0.908214,7.933638443935928e-06,0.910137,742,0,40.3,8.14
17,0.825831,0.911371,7.772311212814646e-06,0.909022,789,1,40.0,8.14
18,0.831188,0.909443,7.614416475972541e-06,0.908413,835,2,40.8,8.14
19,0.82424,0.907564,7.453089244851259e-06,0.907252,882,0,40.2,7.98
20,0.753002,0.90588,7.291762013729977e-06,0.90595,929,0,40.5,8.05
21,0.69952,0.907198,7.130434782608696e-06,0.905595,976,1,40.6,8.14
22,0.828861,0.905604,6.97254004576659e-06,0.905028,1022,0,40.8,8.17
23,0.727588,0.904263,6.81121281464531e-06,0.903885,1069,0,40.6,8.77
24,0.766483,0.905071,6.653318077803204e-06,0.903095,1115,1,40.5,8.76
25,0.757689,0.90429,6.491990846681922e-06,0.903223,1162,2,40.8,8.58
26,0.850238,0.903454,6.330663615560642e-06,0.902386,1209,0,41.1,8.77
27,0.781269,0.902993,6.172768878718536e-06,0.901949,1255,0,40.9,8.47
28,0.777196,0.902038,6.011441647597254e-06,0.90129,1302,0,40.8,8.77
29,0.89007,0.903192,5.853546910755149e-06,0.900924,1348,1,40.7,8.47
30,0.724249,0.901419,5.692219679633868e-06,0.900798,1395,0,40.8,8.77
31,0.826409,0.900762,5.530892448512586e-06,0.900044,1442,0,40.5,8.14
32,0.758858,0.900555,5.37299771167048e-06,0.899743,1488,0,41.0,8.9
33,0.851087,0.902258,5.211670480549199e-06,0.899877,1535,1,40.5,8.14
34,0.791501,0.900148,5.053775743707094e-06,0.899585,1581,0,40.8,8.14
35,0.795404,0.899285,4.895881006864988e-06,0.899152,1627,0,40.9,8.17
36,0.828098,0.899251,4.737986270022884e-06,0.89887,1673,1,41.4,8.17
37,0.796188,0.900036,4.580091533180778e-06,0.898782,1719,2,44.8,8.77
38,0.76911,0.899242,4.4187643020594975e-06,0.89869,1766,3,44.3,8.46
39,0.808829,0.899618,4.260869565217392e-06,0.898488,1812,4,45.6,8.42
40,0.76156,0.899818,4.099542334096109e-06,0.898663,1859,5,45.3,8.14
41,0.847271,0.898249,3.941647597254004e-06,0.89856,1905,0,43.8,8.77
42,0.755844,0.898573,3.7803203661327237e-06,0.898034,1952,1,43.7,8.14
43,0.836278,0.897677,3.622425629290618e-06,0.897694,1998,0,44.3,8.14
44,0.790847,0.897201,3.464530892448513e-06,0.897198,2044,0,43.8,8.77
45,0.748429,0.897029,3.3066361556064076e-06,0.896751,2090,0,43.6,8.77
46,0.774039,0.896831,3.1487414187643017e-06,0.896399,2136,0,42.6,8.14
47,0.813365,0.89671,2.990846681922196e-06,0.896316,2182,0,43.2,8.27
48,0.747684,0.896789,2.8295194508009148e-06,0.896256,2229,1,41.6,8.76
49,0.830341,0.896227,2.67162471395881e-06,0.896079,2275,0,40.8,8.34
50,0.7628,0.895631,2.510297482837529e-06,0.895902,2322,0,40.8,8.77
51,0.760179,0.894958,2.3524027459954236e-06,0.895511,2368,0,40.4,8.76
52,0.808421,0.894808,2.1910755148741414e-06,0.895088,2415,0,40.7,9.4
53,0.871167,0.894613,2.0297482837528604e-06,0.894949,2462,0,40.6,8.14
54,0.859443,0.894515,1.8718535469107557e-06,0.894557,2508,1,40.8,8.14
55,0.876921,0.8941,1.7105263157894735e-06,0.894303,2555,0,40.5,8.14
56,0.733048,0.894164,1.5526315789473678e-06,0.89411,2601,1,40.5,8.14
57,0.830448,0.893993,1.394736842105263e-06,0.893966,2647,0,40.4,8.77
58,0.795703,0.893829,1.2368421052631574e-06,0.893891,2693,0,40.7,8.47
59,0.750556,0.893349,1.0789473684210527e-06,0.893643,2739,0,40.4,8.8
60,0.730528,0.893362,1e-06,0.893464,2786,1,40.4,8.14
61,0.789144,0.893371,1e-06,0.893376,2832,2,40.8,8.42
62,0.830112,0.893096,1e-06,0.893235,2878,0,41.0,8.14
63,0.813838,0.892887,1e-06,0.893138,2925,0,40.2,8.61
64,0.765682,0.892988,1e-06,0.892914,2971,1,40.3,8.14
65,0.818571,0.892639,1e-06,0.892797,3017,0,40.6,8.17
66,0.79976,0.892834,1e-06,0.892769,3063,1,40.5,8.76
67,0.784931,0.893136,1e-06,0.892787,3109,2,40.6,8.77
68,0.804952,0.893213,1e-06,0.892867,3155,3,40.7,8.91
69,0.798072,0.893495,1e-06,0.893005,3201,4,41.0,8.69
70,0.724928,0.893093,1e-06,0.893064,3247,5,40.3,8.14
71,0.745349,0.893167,1e-06,0.893073,3294,6,40.4,8.14
72,0.70255,0.893045,1e-06,0.893065,3340,7,40.9,8.42
73,0.74463,0.892796,1e-06,0.893031,3386,8,40.3,8.14
74,0.75755,0.892688,1e-06,0.892959,3432,9,40.7,8.77
75,0.718545,0.892265,1e-06,0.892784,3479,0,40.6,8.77
76,0.777055,0.892761,1e-06,0.892619,3525,1,40.6,8.77
77,0.802306,0.893422,1e-06,0.892697,3572,2,40.6,8.05
78,0.747129,0.892957,1e-06,0.892869,3618,3,40.9,8.17
79,0.860209,0.893051,1e-06,0.892854,3664,4,40.2,8.17
80,0.825373,0.892661,1e-06,0.892831,3711,5,40.4,8.14
81,0.743485,0.89219,1e-06,0.892619,3757,6,40.2,8.77
82,0.860312,0.891783,1e-06,0.892273,3804,0,40.4,8.77
83,0.73285,0.891943,1e-06,0.892059,3850,1,40.2,8.71
84,0.794315,0.892107,1e-06,0.891973,3896,2,40.1,8.17
85,0.772831,0.892376,1e-06,0.891992,3943,3,40.7,8.14
86,0.788132,0.892636,1e-06,0.892109,3989,4,40.4,8.14
87,0.796401,0.891948,1e-06,0.892157,4035,5,40.5,8.14
88,0.758859,0.891927,1e-06,0.892082,4081,6,40.3,8.14
89,0.744341,0.891567,1e-06,0.891896,4127,0,40.9,8.27
90,0.751246,0.891458,1e-06,0.891705,4173,0,40.4,9.06
91,0.799292,0.89127,1e-06,0.891513,4219,0,40.6,8.14
92,0.784549,0.891573,1e-06,0.891433,4265,1,40.5,8.14
93,0.815577,0.891569,1e-06,0.891388,4311,2,40.4,8.8
94,0.886079,0.891465,1e-06,0.891366,4358,3,40.4,8.61
95,0.7299,0.891392,1e-06,0.891334,4405,4,40.2,8.77
96,0.702184,0.891535,1e-06,0.89133,4451,5,40.7,8.77
97,0.781024,0.891634,1e-06,0.89139,4497,6,40.1,8.14
98,0.698016,0.891764,1e-06,0.891453,4543,7,40.3,8.14
99,0.719113,0.891542,1e-06,0.891467,4590,8,40.4,8.14
100,0.778453,0.891646,1e-06,0.891469,4636,9,41.1,8.17
